Workbook

Sheet Data Validation
A1: S. No. | B1: District | C1: Block | D1: School Name | E1: UDISE Code | F1: Management | G1: Highest Class | H1: Lowest Class | I1: Boys Enrolment | J1: Girls Enrolment | K1: Total Enrolment | L1: General | M1: SC | N1: ST | O1: OBC-A | P1: OBC-B | Q1: Male Teachers | R1: Female Teachers | S1: Total Teachers
A2: 1 | B2: Kalimpong | C2: Kalimpong Municipality | D2: School 1 | E2: 19240106801 | F2: Government Sponsored | G2: Class 8 | H2: Pre-Primary | I2: 26 | J2: 34 | K2: 60 | L2: 41 | M2: 7 | N2: 7 | O2: 5 | P2: 6 | Q2: 7 | R2: 9 | S2: 16
A3: 2 | B3: Kalimpong | C3: Gorubathan | D3: School 2 | E3: 19240106301 | F3: Department of Education | G3: Class 10 | H3: Class 1 | I3: 23 | J3: 26 | K3: 49 | L3: 24 | M3: 10 | N3: 9 | O3: 6 | P3: 5 | Q3: 1 | R3: 10 | S3: 11
A4: 3 | B4: Kalimpong | C4: Kalimpong - 2 | D4: School 3 | E4: 19240106304 | F4: Department of Education | G4: Class 5 | H4: Pre-Primary | I4: 24 | J4: 22 | K4: 46 | L4: 25 | M4: 6 | N4: 5 | O4: 10 | P4: 8 | Q4: 1 | R4: 10 | S4: 11
A5: 4 | B5: Kalimpong | C5: Gorubathan | D5: School 4 | E5: 19240105901 | F5: Department of Education | G5: Class 12 | H5: Class 1 | I5: 21 | J5: 31 | K5: 52 | L5: 34 | M5: 6 | N5: 5 | O5: 7 | P5: 6 | Q5: 10 | R5: 3 | S5: 13
A6: 5 | B6: Kalimpong | C6: Kalimpong - 1 | D6: School 5 | E6: 19240105801 | F6: Government Sponsored | G6: Class 10 | H6: Class 6 | I6: 22 | J6: 29 | K6: 51 | L6: 30 | M6: 6 | N6: 8 | O6: 7 | P6: 5 | Q6: 9 | R6: 10 | S6: 19
A7: 6 | B7: Kalimpong | C7: Kalimpong Municipality | D7: School 6 | E7: 19240105502 | F7: Department of Education | G7: Class 5 | H7: Class 1 | I7: 23 | J7: 40 | K7: 63 | L7: 45 | M7: 6 | N7: 7 | O7: 5 | P7: 6 | Q7: 8 | R7: 4 | S7: 12
A8: 7 | B8: Kalimpong | C8: Gorubathan | D8: School 7 | E8: 19240104802 | F8: Madrasa Recognized | G8: Class 12 | H8: Class 1 | I8: 29 | J8: 40 | K8: 69 | L8: 46 | M8: 5 | N8: 8 | O8: 10 | P8: 6 | Q8: 4 | R8: 3 | S8: 7
A9: 8 | B9: Kalimpong | C9: Kalimpong - 2 | D9: School 8 | E9: 19240107103 | F9: Government Sponsored | G9: Class 12 | H9: Class 9 | I9: 37 | J9: 33 | K9: 70 | L9: 49 | M9: 6 | N9: 8 | O9: 7 | P9: 10 | Q9: 2 | R9: 4 | S9: 6
A10: 9 | B10: Kalimpong | C10: Kalimpong - 1 | D10: School 9 | E10: 19240100201 | F10: Madrasa Recognized | G10: Class 8 | H10: Class 6 | I10: 31 | J10: 38 | K10: 69 | L10: 45 | M10: 8 | N10: 6 | O10: 10 | P10: 5 | Q10: 10 | R10: 9 | S10: 19
A11: 10 | B11: Kalimpong | C11: Kalimpong - 2 | D11: School 10 | E11: 19240100103 | F11: Department of Education | G11: Class 4 | H11: Class 1 | I11: 27 | J11: 32 | K11: 59 | L11: 37 | M11: 10 | N11: 7 | O11: 5 | P11: 5 | Q11: 3 | R11: 2 | S11: 5
A12: 11 | B12: Kalimpong | C12: Kalimpong Municipality | D12: School 11 | E12: 19240100105 | F12: Government Sponsored | G12: Class 8 | H12: Class 1 | I12: 14 | J12: 25 | K12: 49

Sheet Conditional Formatting
A1: S. No. | B1: District | C1: Block | D1: School Name | E1: UDISE Code | F1: Management | G1: Highest Class | H1: Lowest Class | I1: Boys Enrolment | J1: Girls Enrolment | K1: Total Enrolment | L1: General | M1: SC | N1: ST | O1: OBC-A | P1: OBC-B | Q1: Male Teachers | R1: Female Teachers | S1: Total Teachers
A2: 1 | B2: Kalimpong | C2: Kalimpong - 1 | D2: School 1 | E2: 19240101401 | F2: Government Sponsored | G2: Class 8 | H2: Pre-Primary | I2: 31 | J2: 24 | K2: 55 | L2: 29 | M2: 9 | N2: 10 | O2: 7 | P2: 5 | Q2: 4 | R2: 10 | S2: 14
A3: 2 | B3: Kalimpong | C3: Kalimpong - 2 | D3: School 2 | E3: 19240101401 | F3: Department of Education | G3: Class 10 | H3: Class 1 | I3: 40 | J3: 22 | K3: 62 | L3: 41 | M3: 8 | N3: 8 | O3: 5 | P3: 5 | Q3: 6 | R3: 4 | S3: 10
A4: 3 | B4: Kalimpong | C4: Gorubathan | D4: School 3 | E4: 19240401504 | F4: Department of Education | G4: Class 5 | H4: Pre-Primary | I4: 39 | J4: 22 | K4: 61 | L4: 37 | M4: 7 | N4: 7 | O4: 10 | P4: 8 | Q4: 5 | R4: 0 | S4: 5
A5: 4 | B5: Kalimpong | C5: Kalimpong - 1 | D5: School 4 | E5: 19240301102 | F5: Department of Education | G5: Class 12 | H5: Class 1 | I5: 36 | J5: 32 | K5: 68 | L5: 46 | M5: 8 | N5: 9 | O5: 5 | P5: 8 | Q5: 0 | R5: 1 | S5: 1
A6: 5 | B6: Kalimpong | C6: Kalimpong - 2 | D6: School 5 | E6: 19240207201 | F6: Government Sponsored | G6: Class 10 | H6: Class 6 | I6: 38 | J6: 21 | K6: 59 | L6: 37 | M6: 6 | N6: 8 | O6: 8 | P6: 7 | Q6: 3 | R6: 2 | S6: 5
A7: 6 | B7: Kalimpong | C7: Gorubathan | D7: School 6 | E7: 19240101101 | F7: Department of Education | G7: Class 5 | H7: Class 1 | I7: 25 | J7: 20 | K7: 45 | L7: 17 | M7: 10 | N7: 10 | O7: 8 | P7: 8 | Q7: 7 | R7: 9 | S7: 16
A8: 7 | B8: Kalimpong | C8: Kalimpong - 1 | D8: School 7 | E8: 19240100103 | F8: Madrasa Recognized | G8: Class 12 | H8: Class 1 | I8: 26 | J8: 35 | K8: 61 | L8: 42 | M8: 5 | N8: 6 | O8: 8 | P8: 7 | Q8: 5 | R8: 2 | S8: 7
A9: 8 | B9: Kalimpong | C9: Kalimpong - 2 | D9: School 8 | E9: 19240401504 | F9: Government Sponsored | G9: Class 12 | H9: Class 9 | I9: 28 | J9: 40 | K9: 68 | L9: 48 | M9: 7 | N9: 6 | O9: 7 | P9: 7 | Q9: 8 | R9: 8 | S9: 16
A10: 9 | B10: Kalimpong | C10: Gorubathan | D10: School 9 | E10: 19240100901 | F10: Madrasa Recognized | G10: Class 8 | H10: Class 6 | I10: 37 | J10: 23 | K10: 60 | L10: 36 | M10: 9 | N10: 8 | O10: 7 | P10: 5 | Q10: 0 | R10: 0 | S10: 0
A11: 10 | B11: Kalimpong | C11: Kalimpong Municipality | D11: School 10 | E11: 19240102001 | F11: Department of Education | G11: Class 4 | H11: Class 1 | I11: 26 | J11: 27 | K11: 53 | L11: 32 | M11: 6 | N11: 9 | O11: 6 | P11: 9 | Q11: 7 | R11: 9 | S11: 16
A12: 11 | B12: Kalimpong | C12: Gorubathan | D12: School 11 | E12: 1.9240168e+10 | F12: Government Sponsored | G12: Class 8 | H12: Pre-Primary | I12: 37 | J12: 32 | K12: 69 | L12: 42 | M12: 7 | N12: 10 | O12: 10 | P12: 5 | Q12: 2 | R12: 1 | S12: 3
A13: 12 | B13: Kalimpong | C13: Kalimpong - 2 | D13: School 12 | E13: 1.9240164e+10 | F13: Department of Education | G13: Class 10 | H13: Class 1 | I13: 29 | J13: 36 | K13: 65 | L13: 43 | M13: 10 | N13: 5 | O13: 7 | P13: 10 | Q13: 7 | R13: 10 | S13: 17
... A31: 30 | B31: Kalimpong | C31: Gorubathan | D31: School 30 | E31: 1.9240087e+10 | F31: Department of Education | G31: Class 4 | H31: Class 1 | I31: 21 | J31: 22 | K31: 43 | L31: 21 | M31: 6 | N31: 10 | O31: 6 | P31: 7 | Q31: 1 | R31: 5 | S31: 6
C33: Schools with more girls than boys | I33: J31 | J33: $J31 | K33: $J$31 | L33: J$31
C34: Schools with more than 35 boys
C35: Schools with zero male or female teachers
C36: Schools with at least 15 SC/ST students

Sheet IF Statements
A1: S. No. | B1: District | C1: Block | D1: School Name | E1: UDISE Code | F1: Management | G1: Highest Class | H1: Lowest Class | I1: Boys Enrolment | J1: Girls Enrolment | K1: Girls > Boys | L1: Total Enrolment | M1: General | N1: SC | O1: ST | P1: OBC-A | Q1: OBC-B | R1: SC/ST/OBC > Gen | S1: Male Teachers | T1: Female Teachers | U1: Total Teachers
A2: 1 | B2: Kalimpong | C2: Kalimpong - 1 | D2: School 1 | E2: 19240101401 | F2: Government Sponsored | G2: Class 8 | H2: Pre-Primary | I2: 31 | J2: 24 | L2: 55 | M2: 29 | N2: 9 | O2: 10 | P2: 7 | Q2: 5 | S2: 4 | T2: 10 | U2: 14
A3: 2 | B3: Kalimpong | C3: Kalimpong - 2 | D3: School 2 | E3: 19240101401 | F3: Department of Education | G3: Class 10 | H3: Class 1 | I3: 40 | J3: 22 | L3: 62 | M3: 41 | N3: 8 | O3: 8 | P3: 5 | Q3: 5 | S3: 6 | T3: 4 | U3: 10
A4: 3 | B4: Kalimpong | C4: Gorubathan | D4: School 3 | E4: 19240401504 | F4: Department of Education | G4: Class 5 | H4: Pre-Primary | I4: 39 | J4: 22 | L4: 61 | M4: 37 | N4: 7 | O4: 7 | P4: 10 | Q4: 8 | S4: 5 | T4: 0 | U4: 5
A5: 4 | B5: Kalimpong | C5: Kalimpong - 1 | D5: School 4 | E5: 19240301102 | F5: Department of Education | G5: Class 12 | H5: Class 1 | I5: 36 | J5: 32 | L5: 68 | M5: 46 | N5: 8 | O5: 9 | P5: 5 | Q5: 8 | S5: 0 | T5: 1 | U5: 1
A6: 5 | B6: Kalimpong | C6: Kalimpong - 2 | D6: School 5 | E6: 19240207201 | F6: Government Sponsored | G6: Class 10 | H6: Class 6 | I6: 38 | J6: 21 | L6: 59 | M6: 37 | N6: 6 | O6: 8 | P6: 8 | Q6: 7 | S6: 3 | T6: 2 | U6: 5
A7: 6 | B7: Kalimpong | C7: Gorubathan | D7: School 6 | E7: 19240101101 | F7: Department of Education | G7: Class 5 | H7: Class 1 | I7: 25 | J7: 20 | L7: 45 | M7: 17 | N7: 10 | O7: 10 | P7: 8 | Q7: 8 | S7: 7 | T7: 9 | U7: 16
A8: 7 | B8: Kalimpong | C8: Kalimpong - 1 | D8: School 7 | E8: 19240100103 | F8: Madrasa Recognized | G8: Class 12 | H8: Class 1 | I8: 26 | J8: 35 | L8: 61 | M8: 42 | N8: 5 | O8: 6 | P8: 8 | Q8: 7 | S8: 5 | T8: 2 | U8: 7
A9: 8 | B9: Kalimpong | C9: Kalimpong - 2 | D9: School 8 | E9: 19240401504 | F9: Government Sponsored | G9: Class 12 | H9: Class 9 | I9: 28 | J9: 40 | L9: 68 | M9: 48 | N9: 7 | O9: 6 | P9: 7 | Q9: 7 | S9: 8 | T9: 8 | U9: 16
A10: 9 | B10: Kalimpong | C10: Gorubathan | D10: School 9 | E10: 19240100901 | F10: Madrasa Recognized | G10: Class 8 | H10: Class 6 | I10: 37 | J10: 23 | L10: 60 | M10: 36 | N10: 9 | O10: 8 | P10: 7 | Q10: 5 | S10: 0 | T10: 0 | U10: 0
A11: 10 | B11: Kalimpong | C11: Kalimpong Municipality | D11: School 10 | E11: 19240102001 | F11: Department of Education | G11: Class 4 | H11: Class 1 | I11: 26 | J11: 27 | L11: 53 | M11: 32 | N11: 6 | O11: 9 | P11: 6 | Q11: 9 | S11: 7 | T11: 9 | U11: 16
A12: 11 | B12: Kalimpong | C12: Gorubathan | D12: School 11 | E12: 1.9240168e+10 | F12: Government Sponsored | G12: Class 8 | H12: Pre-Primary | I12: 37 | J12: 32 | L12: 69 | M12: 42 | N12: 7 | O12: 10 | P12: 10 | Q12: 5 | S12: 2 | T12: 1 | U12: 3
A13: 12 | B13: Kalimpong | C13: Kalimpong - 2 | D13: School 12 | E13: 1.9240164e+10 | F13: Department of Education | G13: Class 10 | H13: Class 1 | I13: 29 | J13: 36 | L13: 65 | M13: 43 | N13: 10 | O13: 5 | P13: 7 | Q13: 10 | S13: 7 | T13: 10 | U13: 17
... A31: 30 | B31: Kalimpong | C31: Gorubathan | D31: School 30 | E31: 1.9240087e+10 | F31: Department of Education | G31: Class 4 | H31: Class 1 | I31: 21 | J31: 22 | L31: 43 | M31: 21 | N31: 6 | O31: 10 | P31: 6 | Q31: 7 | S31: 1 | T31: 5 | U31: 6
C33: Mark schools where SC/ST/OBC enrolment is more than General enrolment | I33: IF
C34: Count number of schools where girls enrolment is more than 35 | I34: COUNTIF
C35: Sum the total enrolment of schools where girls enrolment is more than 35 | I35: SUMIF
C36: Count the number of schools where girls enrolment is more than 35 and total enrolment is more than 65 | I36: COUNTIFS
C37: Sum the total enrolment of schools where girls enrolment is more than 35 and total enrolment is more than 60 | I37: SUMIFS

Sheet Pivot Tables
A3: Row Labels | B3: Count of Management
A4: Department of Education | B4: 235
A5: Government Sponsored | B5: 141
A6: Madrasa Recognized | B6: 94
A7: Grand Total | B7: 470

Sheet VLOOKUP
A1: S. No. | B1: District | C1: Block | D1: School Name | E1: UDISE Code | F1: Management | G1: Total Enrolment | H1: Electricity Available
A2: 1 | B2: Kalimpong | C2: Gorubathan | D2: School 10 | E2: 19240100103 | F2: =VLOOKUP(E2,'Enrolment Data'!E:F,2,FALSE) -> Department of Education
A3: 2 | B3: Kalimpong | C3: Gorubathan | D3: School 117 | E3: 19240100101 | F3: =VLOOKUP(E3,'Enrolment Data'!E:F,2,FALSE) -> Madrasa Recognized
A4: 3 | B4: Kalimpong | C4: Gorubathan | D4: School 20 | E4: 19240100502 | F4: =VLOOKUP(E4,'Enrolment Data'!E:F,2,FALSE) -> Department of Education
A5: 4 | B5: Kalimpong | C5: Gorubathan | D5: School 31 | E5: 19240100701 | F5: =VLOOKUP(E5,'Enrolment Data'!E:F,2,FALSE) -> Government Sponsored
A6: 5 | B6: Kalimpong | C6: Gorubathan | D6: School 56 | E6: 19240100102 | F6: =VLOOKUP(E6,'Enrolment Data'!E:F,2,FALSE) -> Department of Education
A7: 6 | B7: Kalimpong | C7: Gorubathan | D7: School 74 | E7: 19240100301 | F7: =VLOOKUP(E7,'Enrolment Data'!E:F,2,FALSE) -> Department of Education
A8: 7 | B8: Kalimpong | C8: Gorubathan | D8: School 82 | E8: 19240100601 | F8: =VLOOKUP(E8,'Enrolment Data'!E:F,2,FALSE) -> Department of Education
A9: 8 | B9: Kalimpong | C9: Gorubathan | D9: School 89 | E9: 19240100401 | F9: =VLOOKUP(E9,'Enrolment Data'!E:F,2,FALSE) -> Madrasa Recognized
A10: 9 | B10: Kalimpong | C10: Gorubathan | D10: School 9 | E10: 19240100201 | F10: =VLOOKUP(E10,'Enrolment Data'!E:F,2,FALSE) -> Madrasa Recognized
A11: 10 | B11: Kalimpong | C11: Gorubathan | D11: School 90 | E11: 19240100501 | F11: =VLOOKUP(E11,'Enrolment Data'!E:F,2,FALSE) -> Department of Education

Sheet INDEX MATCH
A1: S. No. | B1: District | C1: Block | D1: School Name | E1: UDISE Code | F1: MATCH | G1: INDEX
A2: 1 | B2: Kalimpong | E2: 19240100103 | F2: =MATCH(E2,'Enrolment Data'!E:E,0) -> 11 | G2: =INDEX('Enrolment Data'!D:D,'INDEX MATCH'!F2) -> School 10 | I2: INDEX | J2: Returns the value from the given row
A3: 2 | B3: Kalimpong | E3: 19240100101 | I3: MATCH | J3: Returns the row number of the lookup value
A4: 3 | B4: Kalimpong | E4: 19240100502
A5: 4 | B5: Kalimpong | E5: 19240100701
A6: 5 | B6: Kalimpong | E6: 19240100102
A7: 6 | B7: Kalimpong | E7: 19240100301
A8: 7 | B8: Kalimpong | E8: 19240100601
A9: 8 | B9: Kalimpong | E9: 19240100401
A10: 9 | B10: Kalimpong | E10: 19240100201
A11: 10 | B11: Kalimpong | E11: 19240100501
A12: 11 | B12: Kalimpong | D12: School 16
A13: 12 | B13: Kalimpong | D13: School 125
A14: 13 | B14: Kalimpong | D14: School 26
A15: 14 | B15: Kalimpong | D15: School 37
A16: 15 | B16: Kalimpong | D16: School 59
A17: 16 | B17: Kalimpong | D17: School 73
A18: 17 | B18: Kalimpong | D18: School 94
A19: 18 | B19: Kalimpong | D19: School 289
A20: 19 | B20: Kalimpong | D20: School 411
A21: 20 | B21: Kalimpong | D21: School 94

Sheet Enrolment Data
A1: S. No. | B1: District | C1: Block | D1: School Name | E1: UDISE Code | F1: Management | G1: Highest Class | H1: Lowest Class | I1: Boys Enrolment | J1: Girls Enrolment | K1: Total Enrolment | L1: General | M1: SC | N1: ST | O1: OBC-A | P1: OBC-B | Q1: Male Teachers | R1: Female Teachers | S1: Total Teachers | T1: Minority Region
A2: 1 | B2: Kalimpong | C2: Gorubathan | D2: School 1 | E2: 19240106801 | F2: Government Sponsored | G2: Class 8 | H2: Pre-Primary | I2: 38 | J2: 37 | K2: 75 | L2: 53 | M2: 8 | N2: 5 | O2: 9 | P2: 10 | Q2: 10 | R2: 5 | S2: 15 | T2: =IF(SUM(M2:P2) > L2, 1, 0) -> 0
A3: 2 | B3: Kalimpong | C3: Gorubathan | D3: School 2 | E3: 19240106301 | F3: Department of Education | G3: Class 10 | H3: Class 1 | I3: 31 | J3: 24 | K3: 55 | L3: 26 | M3: 9 | N3: 10 | O3: 10 | P3: 10 | Q3: 2 | R3: 6 | S3: 8 | T3: =IF(SUM(M3:P3) > L3, 1, 0) -> 1
A4: 3 | B4: Kalimpong | C4: Gorubathan | D4: School 3 | E4: 19240106304 | F4: Department of Education | G4: Class 5 | H4: Pre-Primary | I4: 25 | J4: 26 | K4: 51 | L4: 30 | M4: 9 | N4: 5 | O4: 7 | P4: 7 | Q4: 3 | R4: 9 | S4: 12 | T4: =IF(SUM(M4:P4) > L4, 1, 0) -> 0
A5: 4 | B5: Kalimpong | C5: Gorubathan | D5: School 4 | E5: 19240105901 | F5: Department of Education | G5: Class 12 | H5: Class 1 | I5: 28 | J5: 36 | K5: 64 | L5: 46 | M5: 8 | N5: 5 | O5: 5 | P5: 7 | Q5: 6 | R5: 4 | S5: 10 | T5: =IF(SUM(M5:P5) > L5, 1, 0) -> 0
A6: 5 | B6: Kalimpong | C6: Gorubathan | D6: School 5 | E6: 19240105801 | F6: Government Sponsored | G6: Class 10 | H6: Class 6 | I6: 25 | J6: 36 | K6: 61 | L6: 35 | M6: 9 | N6: 7 | O6: 10 | P6: 5 | Q6: 7 | R6: 10 | S6: 17 | T6: =IF(SUM(M6:P6) > L6, 1, 0) -> 0
A7: 6 | B7: Kalimpong | C7: Gorubathan | D7: School 6 | E7: 19240105502 | F7: Department of Education | G7: Class 5 | H7: Class 1 | I7: 37 | J7: 34 | K7: 71 | L7: 49 | M7: 7 | N7: 8 | O7: 7 | P7: 8 | Q7: 3 | R7: 5 | S7: 8 | T7: =IF(SUM(M7:P7) > L7, 1, 0) -> 0
A8: 7 | B8: Kalimpong | C8: Gorubathan | D8: School 7 | E8: 19240104802 | F8: Madrasa Recognized | G8: Class 12 | H8: Class 1 | I8: 34 | J8: 22 | K8: 56 | L8: 38 | M8: 5 | N8: 7 | O8: 6 | P8: 5 | Q8: 5 | R8: 8 | S8: 13 | T8: =IF(SUM(M8:P8) > L8, 1, 0) -> 0
A9: 8 | B9: Kalimpong | C9: Gorubathan | D9: School 8 | E9: 19240107103 | F9: Government Sponsored | G9: Class 12 | H9: Class 9 | I9: 40 | J9: 33 | K9: 73 | L9: 52 | M9: 7 | N9: 5 | O9: 9 | P9: 7 | Q9: 9 | R9: 6 | S9: 15 | T9: =IF(SUM(M9:P9) > L9, 1, 0) -> 0
A10: 9 | B10: Kalimpong | C10: Gorubathan | D10: School 9 | E10: 19240100201 | F10: Madrasa Recognized | G10: Class 8 | H10: Class 6 | I10: 24 | J10: 34 | K10: 58 | L10: 34 | M10: 10 | N10: 6 | O10: 8 | P10: 9 | Q10: 1 | R10: 8 | S10: 9 | T10: =IF(SUM(M10:P10) > L10, 1, 0) -> 0
A11: 10 | B11: Kalimpong | C11: Gorubathan | D11: School 10 | E11: 19240100103 | F11: Department of Education | G11: Class 4 | H11: Class 1 | I11: 36 | J11: 28 | K11: 64 | L11: 39 | M11: 9 | N11: 9 | O11: 7 | P11: 5 | Q11: 7 | R11: 0 | S11: 7 | T11: =IF(SUM(M11:P11) > L11, 1, 0) -> 0
A12: 11 | B12: Kalimpong | C12: Kalimpong Municipality | D12: School 11 | E12: 19240401504 | F12: Government Sponsored | G12: Class 8 | H12: Pre-Primary | I12: 27 | J12: 28 | K12: 55 | L12: 35 | M12: 8 | N12: 6 | O12: 6 | P12: 6 | Q12: 5 | R12: 9 | S12: 14 | T12: =IF(SUM(M12:P12) > L12, 1, 0) -> 0
A13: 12 | B13: Kalimpong | C13: Gorubathan | D13: School 12 | E13: 19240100901 | F13: Department of Education | G13: Class 10 | H13: Class 1 | I13: 25 | J13: 35 | K13: 60 | L13: 33 | M13: 8 | N13: 10 | O13: 9 | P13: 10 | Q13: 3 | R13: 6 | S13: 9 | T13: =IF(SUM(M13:P13) > L13, 1, 0) -> 1
... A471: 470 | B471: Kalimpong | C471: Kalimpong Municipality | D471: School 470 | E471: 19240401503 | F471: Department of Education | G471: Class 4 | H471: Class 1 | I471: 33 | J471: 39 | K471: 72 | L471: 49 | M471: 8 | N471: 9 | O471: 6 | P471: 7 | Q471: 5 | R471: 4 | S471: 9 | T471: =IF(SUM(M471:P471) > L471, 1, 0) -> 0

Sheet Infrastructure Data
A1: S. No. | B1: District | C1: Block | D1: School Name | E1: UDISE Code | F1: Management | G1: Safe Drinking Water | H1: Electricity | I1: Play Ground | J1: Library | K1: Boys Toilet | L1: Girls Toilet
A2: 1 | B2: Kalimpong | C2: Gorubathan | D2: School 1 | E2: 19240106801 | F2: Government Sponsored | G2: YES | H2: NO | I2: NO | J2: YES | K2: 1 | L2: 1
A3: 2 | B3: Kalimpong | C3: Gorubathan | D3: School 2 | E3: 19240106301 | F3: Department of Education | G3: YES | H3: NO | I3: NO | J3: YES | K3: 1 | L3: 1
A4: 3 | B4: Kalimpong | C4: Gorubathan | D4: School 3 | E4: 19240106304 | F4: Department of Education | G4: NO | H4: NO | I4: NO | J4: YES | K4: 2 | L4: 1
A5: 4 | B5: Kalimpong | C5: Gorubathan | D5: School 4 | E5: 19240105901 | F5: Department of Education | G5: YES | H5: NO | I5: NO | J5: YES | K5: 3 | L5: 1
A6: 5 | B6: Kalimpong | C6: Gorubathan | D6: School 5 | E6: 19240105801 | F6: Government Sponsored | G6: YES | H6: NO | I6: NO | J6: YES | K6: 1 | L6: 1
A7: 6 | B7: Kalimpong | C7: Gorubathan | D7: School 6 | E7: 19240105502 | F7: Department of Education | G7: YES | H7: NO | I7: NO | J7: YES | K7: 3 | L7: 1
A8: 7 | B8: Kalimpong | C8: Gorubathan | D8: School 7 | E8: 19240104802 | F8: Madrasa Recognized | G8: NO | H8: YES | I8: NO | J8: YES | K8: 3 | L8: 1
A9: 8 | B9: Kalimpong | C9: Gorubathan | D9: School 8 | E9: 19240107103 | F9: Government Sponsored | G9: NO | H9: NO | I9: NO | J9: YES | K9: 3 | L9: 1
A10: 9 | B10: Kalimpong | C10: Gorubathan | D10: School 9 | E10: 19240100201 | F10: Madrasa Recognized | G10: YES | H10: NO | I10: NO | J10: YES | K10: 1 | L10: 1
A11: 10 | B11: Kalimpong | C11: Gorubathan | D11: School 10 | E11: 19240100103 | F11: Department of Education | G11: YES | H11: YES | I11: NO | J11: YES | K11: 1 | L11: 1
A12: 11 | B12: Kalimpong | C12: Kalimpong Municipality | D12: School 11 | E12: 19240401504 | F12: Government Sponsored | G12: YES | H12: YES | I12: NO | J12: YES | K12: 1 | L12: 1
A13: 12 | B13: Kalimpong | C13: Gorubathan | D13: School 12 | E13: 19240100901 | F13: Department of Education | G13: NO | H13: NO | I13: NO | J13: YES | K13: 3 | L13: 1
... A471: 470 | B471: Kalimpong | C471: Kalimpong Municipality | D471: School 470 | E471: 19240401503 | F471: Department of Education | G471: YES | H471: NO | I471: NO | J471: YES | K471: 3 | L471: 1
